{
  "name": "C1_isotropic_recovery_full",
  "category": "C_inverse_problem",
  "success": true,
  "metrics": {
    "err_eikonal": 0.11175625026226044,
    "err_avbd": 0.05656372010707855,
    "final_loss": 3.4734904766082764,
    "final_data": 3.4731900691986084,
    "final_reg": 0.0003003339807037264
  },
  "metadata": {
    "N": 40
  },
  "runtime_seconds": 88.23319053649902,
  "timestamp": "2026-05-25T14:44:31.000112"
}