{
  "name": "B2_fd_vs_implicit_anisotropic",
  "category": "B_gradient_verification",
  "success": true,
  "metrics": {
    "pct_good_g11": 80.0,
    "pct_good_g12": 80.0,
    "pct_good_g22": 80.0,
    "mean_err_g11": 0.3899633984375,
    "mean_err_g12": 0.2282156387837393,
    "mean_err_g22": 0.45873836805555557
  },
  "metadata": {
    "N": 30,
    "n_test_points": 10
  },
  "runtime_seconds": 22.2584331035614,
  "timestamp": "2026-05-25T10:42:40.947612"
}