{
  "name": "C5_drift_recovery",
  "category": "C_inverse_problem",
  "success": false,
  "metrics": {
    "eik_b1": 0.24083751440048218,
    "eik_b2": 0.22489109635353088,
    "avbd_b1": 0.0594191774725914,
    "avbd_b2": 0.05211373791098595
  },
  "metadata": {
    "N": 40
  },
  "runtime_seconds": 29.750016450881958,
  "timestamp": "2026-05-25T14:49:49.269380"
}