{
  "name": "A2_uniform_anisotropic",
  "category": "A_forward_solver",
  "success": false,
  "metrics": {
    "l1": 25.77094841003418,
    "l2": 31.0157470703125,
    "linf": 67.5,
    "rel_l2": 0.3343299329280853,
    "rel_linf": 0.7276068925857544
  },
  "metadata": {
    "N": 100,
    "a": 2.0,
    "b": 0.5
  },
  "runtime_seconds": 0.8407409191131592,
  "timestamp": "2026-05-25T10:41:38.543023"
}