{
  "name": "A2_uniform_anisotropic",
  "category": "A_forward_solver",
  "success": false,
  "metrics": {
    "l1": 54.29050064086914,
    "l2": 65.45487976074219,
    "linf": 142.5,
    "rel_l2": 0.3342134654521942,
    "rel_linf": 0.7276068925857544
  },
  "metadata": {
    "N": 200,
    "a": 2.0,
    "b": 0.5
  },
  "runtime_seconds": 2.853412628173828,
  "timestamp": "2026-05-25T12:39:40.132561"
}