{
  "name": "A8_multi_source",
  "category": "A_forward_solver",
  "success": true,
  "metrics": {
    "l1": 0.19351264834403992,
    "l2": 0.21819838881492615,
    "linf": 0.38698577880859375,
    "rel_l2": 0.002032502321526408,
    "rel_linf": 0.0036047447938472033
  },
  "metadata": {
    "sources": [
      [
        50,
        50
      ],
      [
        50,
        150
      ],
      [
        150,
        100
      ]
    ]
  },
  "runtime_seconds": 2.7809157371520996,
  "timestamp": "2026-05-25T12:39:50.892039"
}