{
  "name": "A8_multi_source",
  "category": "A_forward_solver",
  "success": true,
  "metrics": {
    "l1": 0.157306969165802,
    "l2": 0.1776622235774994,
    "linf": 0.32003021240234375,
    "rel_l2": 0.0034512162674218416,
    "rel_linf": 0.006216816604137421
  },
  "metadata": {
    "sources": [
      [
        25,
        25
      ],
      [
        25,
        75
      ],
      [
        75,
        50
      ]
    ]
  },
  "runtime_seconds": 0.8053615093231201,
  "timestamp": "2026-05-25T10:41:43.255775"
}