{
  "name": "C6_joint_metric_drift_recovery",
  "category": "C_inverse_problem",
  "success": false,
  "metrics": {
    "eik_g11": 0.45192739367485046,
    "eik_g22": 0.49173662066459656,
    "eik_b1": 0.3217058479785919,
    "eik_b2": 0.3163697123527527,
    "avbd_g11": 0.34369710087776184,
    "avbd_g22": 0.330407053232193,
    "avbd_b1": 0.10123413056135178,
    "avbd_b2": 0.07390602678060532
  },
  "metadata": {
    "N": 40
  },
  "runtime_seconds": 36.88017439842224,
  "timestamp": "2026-05-25T14:58:59.035337"
}