{
  "name": "C3_diagonal_anisotropic",
  "category": "C_inverse_problem",
  "success": false,
  "metrics": {
    "eik_g11": 0.6254639625549316,
    "eik_g22": 0.4520226716995239,
    "avbd_g11": 0.5673162341117859,
    "avbd_g22": 0.37711381912231445
  },
  "metadata": {
    "N": 40
  },
  "runtime_seconds": 21.054564476013184,
  "timestamp": "2026-05-25T14:32:21.440013"
}