{
  "name": "A1_isotropic_convergence",
  "category": "A_forward_solver",
  "success": false,
  "metrics": {
    "rate_l2": 0.649017626583789,
    "rate_linf": 0.6403112346528725,
    "r2_l2": 0.9992293684128912,
    "r2_linf": 0.9980233109910847,
    "max_rel_error": 0.008428432047367096
  },
  "metadata": {
    "grid_sizes": [
      25,
      50,
      100
    ]
  },
  "runtime_seconds": 7.201061964035034,
  "timestamp": "2026-05-25T10:41:37.439527"
}