{
  "timestamp": "2026-05-25T14:54:40.649202",
  "device": "cpu:0",
  "quick_mode": false,
  "total_time": 1.860944,
  "results": {
    "D1": {
      "success": true,
      "runtime": 1.3976821899414062,
      "metrics": {
        "T_max": 198.6425018310547,
        "slope_max": 0.8085111379623413
      }
    }
  }
}