{
  "name": "C4_full_metric_recovery",
  "category": "C_inverse_problem",
  "success": true,
  "metrics": {
    "eik_g11": 0.3193705976009369,
    "eik_g12": 0.4954277276992798,
    "eik_g22": 0.4223799407482147,
    "avbd_g11": 0.255428284406662,
    "avbd_g12": 0.40001294016838074,
    "avbd_g22": 0.3551101088523865
  },
  "metadata": {
    "N": 40
  },
  "runtime_seconds": 27.689301013946533,
  "timestamp": "2026-05-25T14:57:22.530117"
}